datetime,f1-macro,acc
2026-03-16 22:23:49.670879,0.5974356220449543,0.6718560452891226
2026-03-16 22:39:26.826423,0.5956839464588869,0.6678123736352608
2026-03-16 22:55:03.103113,0.6019025017279793,0.6732713303679742
2026-03-16 23:10:38.953917,0.6015924208729909,0.6746866154468257
2026-03-16 23:31:55.182621,0.5917701763469209,0.6678123736352608
2026-03-16 23:48:31.624776,0.6086775551759481,0.675293166194905
2026-03-17 00:05:07.560534,0.5941301792822742,0.66579053780833
2026-03-17 00:21:44.409886,0.5975203702587303,0.670845127375657
2026-03-17 00:38:19.955030,0.5822859295877191,0.6548726243429034
2026-03-17 00:54:56.467223,0.600467878927655,0.6742822482814396
2026-03-17 01:11:31.648077,0.5998288484206465,0.6696320258794985
2026-03-17 01:28:07.257223,0.5950373723366302,0.6665992721391023
2026-03-17 01:44:43.815099,0.5936114497093155,0.6661949049737161
2026-03-17 02:01:19.927693,0.601564375088689,0.6680145572179539
